Feature,Importance
Description_Length,0.13767434726434305
Customer Age,0.12768228036363763
Product Purchased,0.11958632830305661
Ticket Subject,0.10112925996419883
Resolution_Hours,0.09647978948872582
Purchase_Month,0.0838836869823392
Purchase_DayOfWeek,0.07705403155918829
Ticket Type,0.06429379267990323
Ticket Channel,0.05737094857246568
Ticket Priority,0.05484852908687998
Customer Gender,0.04268997844561733
Purchase_Quarter,0.037307027289644176
